BEGIN TRANSACTION;
CREATE TABLE IF NOT EXISTS "asset_movements" (
	"id"	INTEGER,
	"asset_id"	INTEGER NOT NULL,
	"from_location_id"	INTEGER,
	"to_location_id"	INTEGER,
	"movement_date"	DATE NOT NULL,
	PRIMARY KEY("id" AUTOINCREMENT),
	FOREIGN KEY("asset_id") REFERENCES "assets"("id"),
	FOREIGN KEY("from_location_id") REFERENCES "locations"("id"),
	FOREIGN KEY("to_location_id") REFERENCES "locations"("id")
);
CREATE TABLE IF NOT EXISTS "assets" (
	"id"	INTEGER,
	"name"	TEXT NOT NULL,
	"category_id"	INTEGER NOT NULL,
	"location_id"	INTEGER NOT NULL,
	"responsible_id"	INTEGER NOT NULL,
	"purchase_date"	DATE,
	"value"	REAL,
	"status"	TEXT NOT NULL CHECK("status" IN ('В эксплуатации', 'Списание', 'Ремонт')),
	PRIMARY KEY("id" AUTOINCREMENT),
	FOREIGN KEY("category_id") REFERENCES "categories"("id"),
	FOREIGN KEY("location_id") REFERENCES "locations"("id"),
	FOREIGN KEY("responsible_id") REFERENCES "employees"("id")
);
CREATE TABLE IF NOT EXISTS "categories" (
	"id"	INTEGER,
	"name"	TEXT NOT NULL UNIQUE,
	PRIMARY KEY("id" AUTOINCREMENT)
);
CREATE TABLE IF NOT EXISTS "document_types" (
	"id"	INTEGER,
	"name"	TEXT NOT NULL UNIQUE,
	PRIMARY KEY("id" AUTOINCREMENT)
);
CREATE TABLE IF NOT EXISTS "documents" (
	"id"	INTEGER,
	"asset_id"	INTEGER NOT NULL,
	"doc_type_id"	INTEGER NOT NULL,
	"doc_number"	TEXT NOT NULL,
	"doc_date"	DATE NOT NULL,
	PRIMARY KEY("id" AUTOINCREMENT),
	FOREIGN KEY("asset_id") REFERENCES "assets"("id"),
	FOREIGN KEY("doc_type_id") REFERENCES "document_types"("id")
);
CREATE TABLE IF NOT EXISTS "employees" (
	"id"	INTEGER,
	"full_name"	TEXT NOT NULL,
	"role"	TEXT NOT NULL CHECK("role" IN ('Пользователь', 'Менеджер', 'Администратор')),
	PRIMARY KEY("id" AUTOINCREMENT)
);
CREATE TABLE IF NOT EXISTS "locations" (
	"id"	INTEGER,
	"name"	TEXT NOT NULL,
	"address"	TEXT,
	PRIMARY KEY("id" AUTOINCREMENT)
);
INSERT INTO "asset_movements" VALUES (1,1,1,2,'2023-01-15');
INSERT INTO "asset_movements" VALUES (2,2,2,1,'2023-02-20');
INSERT INTO "asset_movements" VALUES (3,3,3,4,'2023-03-05');
INSERT INTO "asset_movements" VALUES (4,4,4,3,'2022-12-10');
INSERT INTO "asset_movements" VALUES (5,5,5,1,'2023-01-30');
INSERT INTO "asset_movements" VALUES (6,6,6,2,'2022-11-12');
INSERT INTO "asset_movements" VALUES (7,7,7,3,'2023-02-08');
INSERT INTO "asset_movements" VALUES (8,8,8,4,'2022-12-22');
INSERT INTO "asset_movements" VALUES (9,9,9,5,'2023-03-01');
INSERT INTO "asset_movements" VALUES (10,10,10,6,'2023-01-18');
INSERT INTO "asset_movements" VALUES (11,11,1,7,'2022-10-25');
INSERT INTO "asset_movements" VALUES (12,12,2,8,'2023-02-15');
INSERT INTO "asset_movements" VALUES (13,13,3,9,'2022-11-05');
INSERT INTO "asset_movements" VALUES (14,14,4,10,'2023-01-12');
INSERT INTO "asset_movements" VALUES (15,15,5,1,'2023-03-10');
INSERT INTO "asset_movements" VALUES (16,16,6,2,'2022-12-18');
INSERT INTO "asset_movements" VALUES (17,17,7,3,'2023-01-25');
INSERT INTO "asset_movements" VALUES (18,18,8,4,'2023-02-08');
INSERT INTO "asset_movements" VALUES (19,19,9,5,'2023-03-12');
INSERT INTO "asset_movements" VALUES (20,20,10,6,'2023-01-28');
INSERT INTO "asset_movements" VALUES (21,21,1,2,'2022-09-15');
INSERT INTO "asset_movements" VALUES (22,22,2,3,'2023-02-05');
INSERT INTO "asset_movements" VALUES (23,23,3,4,'2023-01-18');
INSERT INTO "asset_movements" VALUES (24,24,4,5,'2022-11-30');
INSERT INTO "asset_movements" VALUES (25,25,5,6,'2023-03-01');
INSERT INTO "asset_movements" VALUES (26,26,6,7,'2022-12-12');
INSERT INTO "asset_movements" VALUES (27,27,7,8,'2023-01-08');
INSERT INTO "asset_movements" VALUES (28,28,8,9,'2023-02-20');
INSERT INTO "asset_movements" VALUES (29,29,9,10,'2023-03-05');
INSERT INTO "asset_movements" VALUES (30,30,10,1,'2023-01-22');
INSERT INTO "asset_movements" VALUES (31,31,1,3,'2022-10-05');
INSERT INTO "asset_movements" VALUES (32,32,2,4,'2023-02-15');
INSERT INTO "asset_movements" VALUES (33,33,3,5,'2022-11-10');
INSERT INTO "asset_movements" VALUES (34,34,4,6,'2023-01-25');
INSERT INTO "asset_movements" VALUES (35,35,5,7,'2022-12-18');
INSERT INTO "asset_movements" VALUES (36,36,6,8,'2023-02-08');
INSERT INTO "asset_movements" VALUES (37,37,7,9,'2023-03-12');
INSERT INTO "asset_movements" VALUES (38,38,8,10,'2023-01-28');
INSERT INTO "asset_movements" VALUES (39,39,9,1,'2022-09-22');
INSERT INTO "asset_movements" VALUES (40,40,10,2,'2023-02-05');
INSERT INTO "asset_movements" VALUES (41,41,1,4,'2023-01-12');
INSERT INTO "asset_movements" VALUES (42,42,2,5,'2023-03-01');
INSERT INTO "asset_movements" VALUES (43,43,3,6,'2022-12-20');
INSERT INTO "asset_movements" VALUES (44,44,4,7,'2023-01-18');
INSERT INTO "asset_movements" VALUES (45,45,5,8,'2023-02-10');
INSERT INTO "asset_movements" VALUES (46,46,6,9,'2023-03-05');
INSERT INTO "asset_movements" VALUES (47,47,7,10,'2023-01-25');
INSERT INTO "asset_movements" VALUES (48,48,8,1,'2023-02-15');
INSERT INTO "asset_movements" VALUES (49,49,9,2,'2022-12-10');
INSERT INTO "asset_movements" VALUES (50,50,10,3,'2023-01-05');
INSERT INTO "asset_movements" VALUES (51,51,1,5,'2023-02-22');
INSERT INTO "asset_movements" VALUES (52,52,2,6,'2023-03-01');
INSERT INTO "asset_movements" VALUES (53,53,3,7,'2022-12-18');
INSERT INTO "asset_movements" VALUES (54,54,4,8,'2023-01-12');
INSERT INTO "asset_movements" VALUES (55,55,5,9,'2023-02-08');
INSERT INTO "asset_movements" VALUES (56,56,6,10,'2023-03-05');
INSERT INTO "asset_movements" VALUES (57,57,7,1,'2023-01-20');
INSERT INTO "asset_movements" VALUES (58,58,8,2,'2023-02-12');
INSERT INTO "asset_movements" VALUES (59,59,9,3,'2023-01-15');
INSERT INTO "asset_movements" VALUES (60,60,10,4,'2023-02-18');
INSERT INTO "asset_movements" VALUES (61,61,1,6,'2023-03-01');
INSERT INTO "asset_movements" VALUES (62,62,2,7,'2023-01-28');
INSERT INTO "asset_movements" VALUES (63,63,3,8,'2023-02-10');
INSERT INTO "asset_movements" VALUES (64,64,4,9,'2023-03-05');
INSERT INTO "asset_movements" VALUES (65,65,5,10,'2023-01-12');
INSERT INTO "asset_movements" VALUES (66,66,6,1,'2023-02-22');
INSERT INTO "asset_movements" VALUES (67,67,7,2,'2023-03-01');
INSERT INTO "asset_movements" VALUES (68,68,8,3,'2023-01-25');
INSERT INTO "asset_movements" VALUES (69,69,9,4,'2023-02-15');
INSERT INTO "asset_movements" VALUES (70,70,10,5,'2023-01-30');
INSERT INTO "asset_movements" VALUES (71,71,1,7,'2023-02-08');
INSERT INTO "asset_movements" VALUES (72,72,2,8,'2023-03-12');
INSERT INTO "asset_movements" VALUES (73,73,3,9,'2023-01-18');
INSERT INTO "asset_movements" VALUES (74,74,4,10,'2023-02-05');
INSERT INTO "asset_movements" VALUES (75,75,5,1,'2023-03-01');
INSERT INTO "asset_movements" VALUES (76,76,6,2,'2023-01-12');
INSERT INTO "asset_movements" VALUES (77,77,7,3,'2023-02-10');
INSERT INTO "asset_movements" VALUES (78,78,8,4,'2023-03-05');
INSERT INTO "asset_movements" VALUES (79,79,9,5,'2023-01-28');
INSERT INTO "asset_movements" VALUES (80,80,10,6,'2023-02-18');
INSERT INTO "asset_movements" VALUES (81,81,1,8,'2023-03-01');
INSERT INTO "asset_movements" VALUES (82,82,2,9,'2023-01-15');
INSERT INTO "asset_movements" VALUES (83,83,3,10,'2023-02-22');
INSERT INTO "asset_movements" VALUES (84,84,4,1,'2023-03-05');
INSERT INTO "asset_movements" VALUES (85,85,5,2,'2023-01-12');
INSERT INTO "asset_movements" VALUES (86,86,6,3,'2023-02-08');
INSERT INTO "asset_movements" VALUES (87,87,7,4,'2023-03-01');
INSERT INTO "asset_movements" VALUES (88,88,8,5,'2023-01-28');
INSERT INTO "asset_movements" VALUES (89,89,9,6,'2023-02-10');
INSERT INTO "asset_movements" VALUES (90,90,10,7,'2023-03-12');
INSERT INTO "asset_movements" VALUES (91,91,1,9,'2023-01-18');
INSERT INTO "asset_movements" VALUES (92,92,2,10,'2023-02-05');
INSERT INTO "asset_movements" VALUES (93,93,3,1,'2023-03-01');
INSERT INTO "asset_movements" VALUES (94,94,4,2,'2023-01-12');
INSERT INTO "asset_movements" VALUES (95,95,5,3,'2023-02-22');
INSERT INTO "asset_movements" VALUES (96,96,6,4,'2023-03-05');
INSERT INTO "asset_movements" VALUES (97,97,7,5,'2023-01-28');
INSERT INTO "asset_movements" VALUES (98,98,8,6,'2023-02-10');
INSERT INTO "asset_movements" VALUES (99,99,9,7,'2023-03-01');
INSERT INTO "asset_movements" VALUES (100,100,10,8,'2023-01-15');
INSERT INTO "assets" VALUES (1,'Ноутбук Lenovo ThinkPad',7,1,1,'2022-03-12',85000.0,'В эксплуатации');
INSERT INTO "assets" VALUES (2,'Принтер HP LaserJet',9,2,2,'2021-08-05',15000.0,'В эксплуатации');
INSERT INTO "assets" VALUES (3,'Лицензия MS Office',14,3,3,'2023-01-10',12000.0,'В эксплуатации');
INSERT INTO "assets" VALUES (4,'Сервер Dell PowerEdge',5,4,4,'2020-11-20',450000.0,'В эксплуатации');
INSERT INTO "assets" VALUES (5,'Проектор Epson',19,5,5,'2021-06-15',50000.0,'В эксплуатации');
INSERT INTO "assets" VALUES (6,'Мебель офисная комплект',11,6,6,'2019-04-10',75000.0,'В эксплуатации');
INSERT INTO "assets" VALUES (7,'Камера видеонаблюдения',16,7,7,'2022-02-05',22000.0,'В эксплуатации');
INSERT INTO "assets" VALUES (8,'Сканер Canon',10,8,8,'2021-09-12',12000.0,'В эксплуатации');
INSERT INTO "assets" VALUES (9,'Мобильный телефон Samsung',15,9,9,'2023-01-22',35000.0,'В эксплуатации');
INSERT INTO "assets" VALUES (10,'Серверное ПО Windows Server',17,10,10,'2021-03-05',70000.0,'В эксплуатации');
INSERT INTO "assets" VALUES (11,'Монитор LG',8,1,11,'2022-05-11',20000.0,'В эксплуатации');
INSERT INTO "assets" VALUES (12,'Инструменты складские',20,2,12,'2020-10-10',30000.0,'В эксплуатации');
INSERT INTO "assets" VALUES (13,'Принтер Epson',9,3,13,'2021-11-01',18000.0,'В эксплуатации');
INSERT INTO "assets" VALUES (14,'Лицензия AutoCAD',14,4,14,'2022-06-15',50000.0,'В эксплуатации');
INSERT INTO "assets" VALUES (15,'Мобильный телефон Apple',15,5,15,'2023-02-10',60000.0,'В эксплуатации');
INSERT INTO "assets" VALUES (16,'Оборудование для склада',1,6,16,'2021-07-20',120000.0,'В эксплуатации');
INSERT INTO "assets" VALUES (17,'Ноутбук HP',7,7,17,'2022-08-12',80000.0,'В эксплуатации');
INSERT INTO "assets" VALUES (18,'Принтер Samsung',9,8,18,'2021-12-05',17000.0,'В эксплуатации');
INSERT INTO "assets" VALUES (19,'Лицензия Photoshop',14,9,19,'2022-09-10',25000.0,'В эксплуатации');
INSERT INTO "assets" VALUES (20,'Монитор Samsung',8,10,20,'2023-01-15',22000.0,'В эксплуатации');
INSERT INTO "assets" VALUES (21,'Проектор BenQ',19,1,1,'2022-04-05',48000.0,'В эксплуатации');
INSERT INTO "assets" VALUES (22,'Клавиатура Logitech',7,2,2,'2021-10-22',3500.0,'В эксплуатации');
INSERT INTO "assets" VALUES (23,'Мышь Microsoft',7,3,3,'2021-11-15',2500.0,'В эксплуатации');
INSERT INTO "assets" VALUES (24,'Мебель конференц-зала',11,4,4,'2019-05-20',90000.0,'В эксплуатации');
INSERT INTO "assets" VALUES (25,'Лицензия AutoCAD 2',14,5,5,'2022-07-01',51000.0,'В эксплуатации');
INSERT INTO "assets" VALUES (26,'Сервер HP ProLiant',5,6,6,'2020-12-10',460000.0,'В эксплуатации');
INSERT INTO "assets" VALUES (27,'Принтер Canon',9,7,7,'2021-08-15',16000.0,'В эксплуатации');
INSERT INTO "assets" VALUES (28,'Сканер Epson',10,8,8,'2021-09-25',12500.0,'В эксплуатации');
INSERT INTO "assets" VALUES (29,'Мобильный телефон Xiaomi',15,9,9,'2023-02-05',28000.0,'В эксплуатации');
INSERT INTO "assets" VALUES (30,'Монитор Philips',8,10,10,'2022-06-18',21000.0,'В эксплуатации');
INSERT INTO "assets" VALUES (31,'Ноутбук ASUS',7,1,11,'2022-09-12',82000.0,'В эксплуатации');
INSERT INTO "assets" VALUES (32,'Проектор Sony',19,2,12,'2021-07-07',52000.0,'В эксплуатации');
INSERT INTO "assets" VALUES (33,'Камера видеонаблюдения Axis',16,3,13,'2022-03-18',23000.0,'В эксплуатации');
INSERT INTO "assets" VALUES (34,'Серверное ПО Linux',17,4,14,'2021-05-30',65000.0,'В эксплуатации');
INSERT INTO "assets" VALUES (35,'Оборудование для офиса',1,5,15,'2021-08-12',95000.0,'В эксплуатации');
INSERT INTO "assets" VALUES (36,'Мебель кабинетная',11,6,16,'2019-11-22',72000.0,'В эксплуатации');
INSERT INTO "assets" VALUES (37,'Принтер Kyocera',9,7,17,'2021-09-05',15500.0,'В эксплуатации');
INSERT INTO "assets" VALUES (38,'Сканер Brother',10,8,18,'2021-10-12',13000.0,'В эксплуатации');
INSERT INTO "assets" VALUES (39,'Мобильный телефон Huawei',15,9,19,'2023-01-25',33000.0,'В эксплуатации');
INSERT INTO "assets" VALUES (40,'Монитор Dell',8,10,20,'2022-08-22',24000.0,'В эксплуатации');
INSERT INTO "assets" VALUES (41,'Ноутбук MacBook Pro',7,1,1,'2022-12-05',150000.0,'В эксплуатации');
INSERT INTO "assets" VALUES (42,'Проектор Acer',19,2,2,'2021-06-30',47000.0,'В эксплуатации');
INSERT INTO "assets" VALUES (43,'Клавиатура Corsair',7,3,3,'2022-02-10',4000.0,'В эксплуатации');
INSERT INTO "assets" VALUES (44,'Мышь Razer',7,4,4,'2021-07-18',3500.0,'В эксплуатации');
INSERT INTO "assets" VALUES (45,'Мебель ресепшн',11,5,5,'2019-03-15',85000.0,'В эксплуатации');
INSERT INTO "assets" VALUES (46,'Лицензия 1C:Enterprise',14,6,6,'2022-08-20',20000.0,'В эксплуатации');
INSERT INTO "assets" VALUES (47,'Сервер IBM',5,7,7,'2020-11-05',470000.0,'В эксплуатации');
INSERT INTO "assets" VALUES (48,'Принтер Xerox',9,8,8,'2021-09-18',16500.0,'В эксплуатации');
INSERT INTO "assets" VALUES (49,'Сканер Kodak',10,9,9,'2021-11-03',12800.0,'В эксплуатации');
INSERT INTO "assets" VALUES (50,'Мобильный телефон OnePlus',15,10,10,'2023-03-01',29000.0,'В эксплуатации');
INSERT INTO "assets" VALUES (51,'Монитор AOC',8,1,11,'2022-01-22',19500.0,'В эксплуатации');
INSERT INTO "assets" VALUES (52,'Ноутбук HP EliteBook',7,2,12,'2022-03-28',88000.0,'В эксплуатации');
INSERT INTO "assets" VALUES (53,'Проектор Panasonic',19,3,13,'2021-08-10',51000.0,'В эксплуатации');
INSERT INTO "assets" VALUES (54,'Камера Hikvision',16,4,14,'2022-05-05',24000.0,'В эксплуатации');
INSERT INTO "assets" VALUES (55,'Серверное ПО Oracle',17,5,15,'2021-06-12',72000.0,'В эксплуатации');
INSERT INTO "assets" VALUES (56,'Оборудование лаборатории',1,6,16,'2021-10-22',130000.0,'В эксплуатации');
INSERT INTO "assets" VALUES (57,'Мебель учебной аудитории',11,7,17,'2019-07-15',68000.0,'В эксплуатации');
INSERT INTO "assets" VALUES (58,'Принтер Epson LQ',9,8,18,'2021-05-30',15000.0,'В эксплуатации');
INSERT INTO "assets" VALUES (59,'Сканер Fujitsu',10,9,19,'2021-08-12',13500.0,'В эксплуатации');
INSERT INTO "assets" VALUES (60,'Мобильный телефон Nokia',15,10,20,'2023-02-12',27000.0,'В эксплуатации');
INSERT INTO "assets" VALUES (61,'Монитор Samsung LED',8,1,1,'2022-04-25',22500.0,'В эксплуатации');
INSERT INTO "assets" VALUES (62,'Ноутбук Lenovo Yoga',7,2,2,'2022-11-11',87000.0,'В эксплуатации');
INSERT INTO "assets" VALUES (63,'Проектор LG',19,3,3,'2021-12-05',49500.0,'В эксплуатации');
INSERT INTO "assets" VALUES (64,'Клавиатура Logitech Wireless',7,4,4,'2022-01-12',3800.0,'В эксплуатации');
INSERT INTO "assets" VALUES (65,'Мышь Microsoft Wireless',7,5,5,'2021-09-15',2600.0,'В эксплуатации');
INSERT INTO "assets" VALUES (66,'Мебель для конференц-зала',11,6,6,'2019-05-05',91000.0,'В эксплуатации');
INSERT INTO "assets" VALUES (67,'Лицензия Adobe Illustrator',14,7,7,'2022-07-25',23000.0,'В эксплуатации');
INSERT INTO "assets" VALUES (68,'Сервер HPE ProLiant',5,8,8,'2020-10-12',480000.0,'В эксплуатации');
INSERT INTO "assets" VALUES (69,'Принтер Canon i-SENSYS',9,9,9,'2021-08-20',15800.0,'В эксплуатации');
INSERT INTO "assets" VALUES (70,'Сканер Epson WorkForce',10,10,10,'2021-11-12',13200.0,'В эксплуатации');
INSERT INTO "assets" VALUES (71,'Мобильный телефон Google Pixel',15,1,11,'2023-01-18',31000.0,'В эксплуатации');
INSERT INTO "assets" VALUES (72,'Монитор ViewSonic',8,2,12,'2022-06-22',20500.0,'В эксплуатации');
INSERT INTO "assets" VALUES (73,'Ноутбук Acer Aspire',7,3,13,'2022-02-15',80000.0,'В эксплуатации');
INSERT INTO "assets" VALUES (74,'Проектор Optoma',19,4,14,'2021-07-22',50000.0,'В эксплуатации');
INSERT INTO "assets" VALUES (75,'Камера Dahua',16,5,15,'2022-03-12',23500.0,'В эксплуатации');
INSERT INTO "assets" VALUES (76,'Серверное ПО RedHat',17,6,16,'2021-05-05',68000.0,'В эксплуатации');
INSERT INTO "assets" VALUES (77,'Оборудование для склада B',1,7,17,'2021-09-15',125000.0,'В эксплуатации');
INSERT INTO "assets" VALUES (78,'Мебель кабинетная B',11,8,18,'2019-08-22',73000.0,'В эксплуатации');
INSERT INTO "assets" VALUES (79,'Принтер HP OfficeJet',9,9,19,'2021-10-10',16200.0,'В эксплуатации');
INSERT INTO "assets" VALUES (80,'Сканер Canon imageFORMULA',10,10,20,'2021-12-20',12900.0,'В эксплуатации');
INSERT INTO "assets" VALUES (81,'Мобильный телефон Samsung Galaxy',15,1,1,'2023-02-18',34000.0,'В эксплуатации');
INSERT INTO "assets" VALUES (82,'Монитор Dell UltraSharp',8,2,2,'2022-07-30',23000.0,'В эксплуатации');
INSERT INTO "assets" VALUES (83,'Ноутбук ASUS ZenBook',7,3,3,'2022-03-10',83000.0,'В эксплуатации');
INSERT INTO "assets" VALUES (84,'Проектор BenQ X',19,4,4,'2021-06-12',51500.0,'В эксплуатации');
INSERT INTO "assets" VALUES (85,'Клавиатура HyperX',7,5,5,'2022-01-20',4200.0,'В эксплуатации');
INSERT INTO "assets" VALUES (86,'Мышь Logitech G',7,6,6,'2021-09-18',3600.0,'В эксплуатации');
INSERT INTO "assets" VALUES (87,'Мебель для ресепшн',11,7,7,'2019-04-15',87000.0,'В эксплуатации');
INSERT INTO "assets" VALUES (88,'Лицензия AutoCAD LT',14,8,8,'2022-08-12',52000.0,'В эксплуатации');
INSERT INTO "assets" VALUES (89,'Сервер IBM X3650',5,9,9,'2020-11-22',475000.0,'В эксплуатации');
INSERT INTO "assets" VALUES (90,'Принтер Xerox Phaser',9,10,10,'2021-09-30',16800.0,'В эксплуатации');
INSERT INTO "assets" VALUES (91,'Сканер Kodak Alaris',10,1,11,'2021-10-20',13100.0,'В эксплуатации');
INSERT INTO "assets" VALUES (92,'Сервер Lenovo ThinkSystem',5,1,2,'2022-04-12',470000.0,'В эксплуатации');
INSERT INTO "assets" VALUES (93,'Проектор ViewSonic',19,2,3,'2021-09-15',49000.0,'В эксплуатации');
INSERT INTO "assets" VALUES (94,'Клавиатура Razer BlackWidow',7,3,4,'2022-01-10',4500.0,'В эксплуатации');
INSERT INTO "assets" VALUES (95,'Мышь Logitech MX Master',7,4,5,'2021-06-25',3500.0,'В эксплуатации');
INSERT INTO "assets" VALUES (96,'Мебель для переговорной',11,5,6,'2019-08-20',88000.0,'В эксплуатации');
INSERT INTO "assets" VALUES (97,'Лицензия AutoDesk Revit',14,6,7,'2022-07-12',52000.0,'В эксплуатации');
INSERT INTO "assets" VALUES (98,'Принтер Kyocera Ecosys',9,7,8,'2021-11-03',16000.0,'В эксплуатации');
INSERT INTO "assets" VALUES (99,'Сканер Epson Perfection',10,8,9,'2021-12-15',13000.0,'В эксплуатации');
INSERT INTO "assets" VALUES (100,'Мобильный телефон Samsung Galaxy S23',15,9,10,'2023-02-18',65000.0,'В эксплуатации');
INSERT INTO "categories" VALUES (1,'Оборудование');
INSERT INTO "categories" VALUES (2,'МПЗ');
INSERT INTO "categories" VALUES (3,'НМА');
INSERT INTO "categories" VALUES (4,'ПО');
INSERT INTO "categories" VALUES (5,'Серверы');
INSERT INTO "categories" VALUES (6,'Сетевое оборудование');
INSERT INTO "categories" VALUES (7,'Компьютеры');
INSERT INTO "categories" VALUES (8,'Мониторы');
INSERT INTO "categories" VALUES (9,'Принтеры');
INSERT INTO "categories" VALUES (10,'Сканеры');
INSERT INTO "categories" VALUES (11,'Мебель');
INSERT INTO "categories" VALUES (12,'Техника для склада');
INSERT INTO "categories" VALUES (13,'Лицензии ПО');
INSERT INTO "categories" VALUES (14,'Программное обеспечение');
INSERT INTO "categories" VALUES (15,'Мобильные устройства');
INSERT INTO "categories" VALUES (16,'Камеры видеонаблюдения');
INSERT INTO "categories" VALUES (17,'Серверное ПО');
INSERT INTO "categories" VALUES (18,'Офисная техника');
INSERT INTO "categories" VALUES (19,'Проекторы');
INSERT INTO "categories" VALUES (20,'Инструменты');
INSERT INTO "document_types" VALUES (1,'Акт приема-передачи');
INSERT INTO "document_types" VALUES (2,'Гарантийный талон');
INSERT INTO "document_types" VALUES (3,'Счет-фактура');
INSERT INTO "document_types" VALUES (4,'Накладная');
INSERT INTO "document_types" VALUES (5,'Договор купли-продажи');
INSERT INTO "document_types" VALUES (6,'Акт списания');
INSERT INTO "document_types" VALUES (7,'Протокол тестирования');
INSERT INTO "document_types" VALUES (8,'Акт ремонта');
INSERT INTO "document_types" VALUES (9,'Сертификат соответствия');
INSERT INTO "document_types" VALUES (10,'Лицензия ПО');
INSERT INTO "document_types" VALUES (11,'Акт переоценки');
INSERT INTO "document_types" VALUES (12,'Технический паспорт');
INSERT INTO "document_types" VALUES (13,'Реестр лицензий');
INSERT INTO "document_types" VALUES (14,'Инвентаризационная ведомость');
INSERT INTO "document_types" VALUES (15,'Отчет о движении активов');
INSERT INTO "document_types" VALUES (16,'Договор аренды');
INSERT INTO "document_types" VALUES (17,'Акт передачи в аренду');
INSERT INTO "document_types" VALUES (18,'Счет на оплату');
INSERT INTO "document_types" VALUES (19,'План ТО');
INSERT INTO "document_types" VALUES (20,'Сервисная книжка');
INSERT INTO "documents" VALUES (1,1,1,'АП-001','2022-03-12');
INSERT INTO "documents" VALUES (2,1,2,'ГТ-001','2022-03-12');
INSERT INTO "documents" VALUES (3,2,1,'АП-002','2021-08-05');
INSERT INTO "documents" VALUES (4,2,2,'ГТ-002','2021-08-05');
INSERT INTO "documents" VALUES (5,3,1,'АП-003','2023-01-10');
INSERT INTO "documents" VALUES (6,3,2,'ГТ-003','2023-01-10');
INSERT INTO "documents" VALUES (7,4,1,'АП-004','2020-11-20');
INSERT INTO "documents" VALUES (8,4,2,'ГТ-004','2020-11-20');
INSERT INTO "documents" VALUES (9,5,1,'АП-005','2021-06-15');
INSERT INTO "documents" VALUES (10,5,2,'ГТ-005','2021-06-15');
INSERT INTO "documents" VALUES (11,6,1,'АП-006','2019-04-10');
INSERT INTO "documents" VALUES (12,6,2,'ГТ-006','2019-04-10');
INSERT INTO "documents" VALUES (13,7,1,'АП-007','2022-02-05');
INSERT INTO "documents" VALUES (14,7,2,'ГТ-007','2022-02-05');
INSERT INTO "documents" VALUES (15,8,1,'АП-008','2021-09-12');
INSERT INTO "documents" VALUES (16,8,2,'ГТ-008','2021-09-12');
INSERT INTO "documents" VALUES (17,9,1,'АП-009','2023-01-22');
INSERT INTO "documents" VALUES (18,9,2,'ГТ-009','2023-01-22');
INSERT INTO "documents" VALUES (19,10,1,'АП-010','2021-03-05');
INSERT INTO "documents" VALUES (20,10,2,'ГТ-010','2021-03-05');
INSERT INTO "documents" VALUES (21,11,1,'АП-011','2022-05-11');
INSERT INTO "documents" VALUES (22,11,2,'ГТ-011','2022-05-11');
INSERT INTO "documents" VALUES (23,12,1,'АП-012','2020-10-10');
INSERT INTO "documents" VALUES (24,12,2,'ГТ-012','2020-10-10');
INSERT INTO "documents" VALUES (25,13,1,'АП-013','2021-11-01');
INSERT INTO "documents" VALUES (26,13,2,'ГТ-013','2021-11-01');
INSERT INTO "documents" VALUES (27,14,1,'АП-014','2022-06-15');
INSERT INTO "documents" VALUES (28,14,2,'ГТ-014','2022-06-15');
INSERT INTO "documents" VALUES (29,15,1,'АП-015','2023-02-10');
INSERT INTO "documents" VALUES (30,15,2,'ГТ-015','2023-02-10');
INSERT INTO "documents" VALUES (31,16,1,'АП-016','2021-07-20');
INSERT INTO "documents" VALUES (32,16,2,'ГТ-016','2021-07-20');
INSERT INTO "documents" VALUES (33,17,1,'АП-017','2022-08-12');
INSERT INTO "documents" VALUES (34,17,2,'ГТ-017','2022-08-12');
INSERT INTO "documents" VALUES (35,18,1,'АП-018','2021-12-05');
INSERT INTO "documents" VALUES (36,18,2,'ГТ-018','2021-12-05');
INSERT INTO "documents" VALUES (37,19,1,'АП-019','2022-09-10');
INSERT INTO "documents" VALUES (38,19,2,'ГТ-019','2022-09-10');
INSERT INTO "documents" VALUES (39,20,1,'АП-020','2023-01-15');
INSERT INTO "documents" VALUES (40,20,2,'ГТ-020','2023-01-15');
INSERT INTO "documents" VALUES (41,21,1,'АП-021','2022-03-22');
INSERT INTO "documents" VALUES (42,21,2,'ГТ-021','2022-03-22');
INSERT INTO "documents" VALUES (43,22,1,'АП-022','2021-07-05');
INSERT INTO "documents" VALUES (44,22,2,'ГТ-022','2021-07-05');
INSERT INTO "documents" VALUES (45,23,1,'АП-023','2022-01-15');
INSERT INTO "documents" VALUES (46,23,2,'ГТ-023','2022-01-15');
INSERT INTO "documents" VALUES (47,24,1,'АП-024','2020-12-20');
INSERT INTO "documents" VALUES (48,24,2,'ГТ-024','2020-12-20');
INSERT INTO "documents" VALUES (49,25,1,'АП-025','2022-05-18');
INSERT INTO "documents" VALUES (50,25,2,'ГТ-025','2022-05-18');
INSERT INTO "documents" VALUES (51,26,1,'АП-026','2021-03-25');
INSERT INTO "documents" VALUES (52,26,2,'ГТ-026','2021-03-25');
INSERT INTO "documents" VALUES (53,27,1,'АП-027','2022-06-12');
INSERT INTO "documents" VALUES (54,27,2,'ГТ-027','2022-06-12');
INSERT INTO "documents" VALUES (55,28,1,'АП-028','2021-08-01');
INSERT INTO "documents" VALUES (56,28,2,'ГТ-028','2021-08-01');
INSERT INTO "documents" VALUES (57,29,1,'АП-029','2022-02-18');
INSERT INTO "documents" VALUES (58,29,2,'ГТ-029','2022-02-18');
INSERT INTO "documents" VALUES (59,30,1,'АП-030','2021-09-12');
INSERT INTO "documents" VALUES (60,30,2,'ГТ-030','2021-09-12');
INSERT INTO "documents" VALUES (61,31,1,'АП-031','2022-03-15');
INSERT INTO "documents" VALUES (62,31,2,'ГТ-031','2022-03-15');
INSERT INTO "documents" VALUES (63,32,1,'АП-032','2021-10-05');
INSERT INTO "documents" VALUES (64,32,2,'ГТ-032','2021-10-05');
INSERT INTO "documents" VALUES (65,33,1,'АП-033','2022-01-25');
INSERT INTO "documents" VALUES (66,33,2,'ГТ-033','2022-01-25');
INSERT INTO "documents" VALUES (67,34,1,'АП-034','2020-11-30');
INSERT INTO "documents" VALUES (68,34,2,'ГТ-034','2020-11-30');
INSERT INTO "documents" VALUES (69,35,1,'АП-035','2022-06-18');
INSERT INTO "documents" VALUES (70,35,2,'ГТ-035','2022-06-18');
INSERT INTO "documents" VALUES (71,36,1,'АП-036','2021-04-12');
INSERT INTO "documents" VALUES (72,36,2,'ГТ-036','2021-04-12');
INSERT INTO "documents" VALUES (73,37,1,'АП-037','2022-08-01');
INSERT INTO "documents" VALUES (74,37,2,'ГТ-037','2022-08-01');
INSERT INTO "documents" VALUES (75,38,1,'АП-038','2021-12-15');
INSERT INTO "documents" VALUES (76,38,2,'ГТ-038','2021-12-15');
INSERT INTO "documents" VALUES (77,39,1,'АП-039','2022-09-05');
INSERT INTO "documents" VALUES (78,39,2,'ГТ-039','2022-09-05');
INSERT INTO "documents" VALUES (79,40,1,'АП-040','2023-01-10');
INSERT INTO "documents" VALUES (80,40,2,'ГТ-040','2023-01-10');
INSERT INTO "documents" VALUES (81,41,1,'АП-041','2022-03-28');
INSERT INTO "documents" VALUES (82,41,2,'ГТ-041','2022-03-28');
INSERT INTO "documents" VALUES (83,42,1,'АП-042','2021-07-18');
INSERT INTO "documents" VALUES (84,42,2,'ГТ-042','2021-07-18');
INSERT INTO "documents" VALUES (85,43,1,'АП-043','2022-02-22');
INSERT INTO "documents" VALUES (86,43,2,'ГТ-043','2022-02-22');
INSERT INTO "documents" VALUES (87,44,1,'АП-044','2020-12-05');
INSERT INTO "documents" VALUES (88,44,2,'ГТ-044','2020-12-05');
INSERT INTO "documents" VALUES (89,45,1,'АП-045','2022-05-25');
INSERT INTO "documents" VALUES (90,45,2,'ГТ-045','2022-05-25');
INSERT INTO "documents" VALUES (91,46,1,'АП-046','2021-03-18');
INSERT INTO "documents" VALUES (92,46,2,'ГТ-046','2021-03-18');
INSERT INTO "documents" VALUES (93,47,1,'АП-047','2022-06-22');
INSERT INTO "documents" VALUES (94,47,2,'ГТ-047','2022-06-22');
INSERT INTO "documents" VALUES (95,48,1,'АП-048','2021-08-10');
INSERT INTO "documents" VALUES (96,48,2,'ГТ-048','2021-08-10');
INSERT INTO "documents" VALUES (97,49,1,'АП-049','2022-02-28');
INSERT INTO "documents" VALUES (98,49,2,'ГТ-049','2022-02-28');
INSERT INTO "documents" VALUES (99,50,1,'АП-050','2021-09-20');
INSERT INTO "documents" VALUES (100,50,2,'ГТ-050','2021-09-20');
INSERT INTO "documents" VALUES (101,51,1,'АП-051','2022-03-12');
INSERT INTO "documents" VALUES (102,51,2,'ГТ-051','2022-03-12');
INSERT INTO "documents" VALUES (103,52,1,'АП-052','2021-08-05');
INSERT INTO "documents" VALUES (104,52,2,'ГТ-052','2021-08-05');
INSERT INTO "documents" VALUES (105,53,1,'АП-053','2023-01-10');
INSERT INTO "documents" VALUES (106,53,2,'ГТ-053','2023-01-10');
INSERT INTO "documents" VALUES (107,54,1,'АП-054','2020-11-20');
INSERT INTO "documents" VALUES (108,54,2,'ГТ-054','2020-11-20');
INSERT INTO "documents" VALUES (109,55,1,'АП-055','2021-06-15');
INSERT INTO "documents" VALUES (110,55,2,'ГТ-055','2021-06-15');
INSERT INTO "documents" VALUES (111,56,1,'АП-056','2019-04-10');
INSERT INTO "documents" VALUES (112,56,2,'ГТ-056','2019-04-10');
INSERT INTO "documents" VALUES (113,57,1,'АП-057','2022-02-05');
INSERT INTO "documents" VALUES (114,57,2,'ГТ-057','2022-02-05');
INSERT INTO "documents" VALUES (115,58,1,'АП-058','2021-09-12');
INSERT INTO "documents" VALUES (116,58,2,'ГТ-058','2021-09-12');
INSERT INTO "documents" VALUES (117,59,1,'АП-059','2023-01-22');
INSERT INTO "documents" VALUES (118,59,2,'ГТ-059','2023-01-22');
INSERT INTO "documents" VALUES (119,60,1,'АП-060','2021-03-05');
INSERT INTO "documents" VALUES (120,60,2,'ГТ-060','2021-03-05');
INSERT INTO "documents" VALUES (121,61,1,'АП-061','2022-05-11');
INSERT INTO "documents" VALUES (122,61,2,'ГТ-061','2022-05-11');
INSERT INTO "documents" VALUES (123,62,1,'АП-062','2020-10-10');
INSERT INTO "documents" VALUES (124,62,2,'ГТ-062','2020-10-10');
INSERT INTO "documents" VALUES (125,63,1,'АП-063','2021-11-01');
INSERT INTO "documents" VALUES (126,63,2,'ГТ-063','2021-11-01');
INSERT INTO "documents" VALUES (127,64,1,'АП-064','2022-06-15');
INSERT INTO "documents" VALUES (128,64,2,'ГТ-064','2022-06-15');
INSERT INTO "documents" VALUES (129,65,1,'АП-065','2023-02-10');
INSERT INTO "documents" VALUES (130,65,2,'ГТ-065','2023-02-10');
INSERT INTO "documents" VALUES (131,66,1,'АП-066','2021-07-20');
INSERT INTO "documents" VALUES (132,66,2,'ГТ-066','2021-07-20');
INSERT INTO "documents" VALUES (133,67,1,'АП-067','2022-08-12');
INSERT INTO "documents" VALUES (134,67,2,'ГТ-067','2022-08-12');
INSERT INTO "documents" VALUES (135,68,1,'АП-068','2021-12-05');
INSERT INTO "documents" VALUES (136,68,2,'ГТ-068','2021-12-05');
INSERT INTO "documents" VALUES (137,69,1,'АП-069','2022-09-10');
INSERT INTO "documents" VALUES (138,69,2,'ГТ-069','2022-09-10');
INSERT INTO "documents" VALUES (139,70,1,'АП-070','2023-01-15');
INSERT INTO "documents" VALUES (140,70,2,'ГТ-070','2023-01-15');
INSERT INTO "documents" VALUES (141,71,1,'АП-071','2022-03-22');
INSERT INTO "documents" VALUES (142,71,2,'ГТ-071','2022-03-22');
INSERT INTO "documents" VALUES (143,72,1,'АП-072','2021-07-05');
INSERT INTO "documents" VALUES (144,72,2,'ГТ-072','2021-07-05');
INSERT INTO "documents" VALUES (145,73,1,'АП-073','2022-01-15');
INSERT INTO "documents" VALUES (146,73,2,'ГТ-073','2022-01-15');
INSERT INTO "documents" VALUES (147,74,1,'АП-074','2020-12-20');
INSERT INTO "documents" VALUES (148,74,2,'ГТ-074','2020-12-20');
INSERT INTO "documents" VALUES (149,75,1,'АП-075','2022-05-18');
INSERT INTO "documents" VALUES (150,75,2,'ГТ-075','2022-05-18');
INSERT INTO "documents" VALUES (151,76,1,'АП-076','2021-03-25');
INSERT INTO "documents" VALUES (152,76,2,'ГТ-076','2021-03-25');
INSERT INTO "documents" VALUES (153,77,1,'АП-077','2022-06-12');
INSERT INTO "documents" VALUES (154,77,2,'ГТ-077','2022-06-12');
INSERT INTO "documents" VALUES (155,78,1,'АП-078','2021-08-01');
INSERT INTO "documents" VALUES (156,78,2,'ГТ-078','2021-08-01');
INSERT INTO "documents" VALUES (157,79,1,'АП-079','2022-02-18');
INSERT INTO "documents" VALUES (158,79,2,'ГТ-079','2022-02-18');
INSERT INTO "documents" VALUES (159,80,1,'АП-080','2021-09-12');
INSERT INTO "documents" VALUES (160,80,2,'ГТ-080','2021-09-12');
INSERT INTO "documents" VALUES (161,81,1,'АП-081','2022-03-15');
INSERT INTO "documents" VALUES (162,81,2,'ГТ-081','2022-03-15');
INSERT INTO "documents" VALUES (163,82,1,'АП-082','2021-10-05');
INSERT INTO "documents" VALUES (164,82,2,'ГТ-082','2021-10-05');
INSERT INTO "documents" VALUES (165,83,1,'АП-083','2022-01-25');
INSERT INTO "documents" VALUES (166,83,2,'ГТ-083','2022-01-25');
INSERT INTO "documents" VALUES (167,84,1,'АП-084','2020-11-30');
INSERT INTO "documents" VALUES (168,84,2,'ГТ-084','2020-11-30');
INSERT INTO "documents" VALUES (169,85,1,'АП-085','2022-06-18');
INSERT INTO "documents" VALUES (170,85,2,'ГТ-085','2022-06-18');
INSERT INTO "documents" VALUES (171,86,1,'АП-086','2021-04-12');
INSERT INTO "documents" VALUES (172,86,2,'ГТ-086','2021-04-12');
INSERT INTO "documents" VALUES (173,87,1,'АП-087','2022-08-01');
INSERT INTO "documents" VALUES (174,87,2,'ГТ-087','2022-08-01');
INSERT INTO "documents" VALUES (175,88,1,'АП-088','2021-12-15');
INSERT INTO "documents" VALUES (176,88,2,'ГТ-088','2021-12-15');
INSERT INTO "documents" VALUES (177,89,1,'АП-089','2022-09-05');
INSERT INTO "documents" VALUES (178,89,2,'ГТ-089','2022-09-05');
INSERT INTO "documents" VALUES (179,90,1,'АП-090','2023-01-10');
INSERT INTO "documents" VALUES (180,90,2,'ГТ-090','2023-01-10');
INSERT INTO "documents" VALUES (181,91,1,'АП-091','2022-03-28');
INSERT INTO "documents" VALUES (182,91,2,'ГТ-091','2022-03-28');
INSERT INTO "documents" VALUES (183,92,1,'АП-092','2021-07-18');
INSERT INTO "documents" VALUES (184,92,2,'ГТ-092','2021-07-18');
INSERT INTO "documents" VALUES (185,93,1,'АП-093','2022-02-22');
INSERT INTO "documents" VALUES (186,93,2,'ГТ-093','2022-02-22');
INSERT INTO "documents" VALUES (187,94,1,'АП-094','2020-12-05');
INSERT INTO "documents" VALUES (188,94,2,'ГТ-094','2020-12-05');
INSERT INTO "documents" VALUES (189,95,1,'АП-095','2022-05-25');
INSERT INTO "documents" VALUES (190,95,2,'ГТ-095','2022-05-25');
INSERT INTO "documents" VALUES (191,96,1,'АП-096','2021-03-18');
INSERT INTO "documents" VALUES (192,96,2,'ГТ-096','2021-03-18');
INSERT INTO "documents" VALUES (193,97,1,'АП-097','2022-06-22');
INSERT INTO "documents" VALUES (194,97,2,'ГТ-097','2022-06-22');
INSERT INTO "documents" VALUES (195,98,1,'АП-098','2021-08-10');
INSERT INTO "documents" VALUES (196,98,2,'ГТ-098','2021-08-10');
INSERT INTO "documents" VALUES (197,99,1,'АП-099','2022-02-28');
INSERT INTO "documents" VALUES (198,99,2,'ГТ-099','2022-02-28');
INSERT INTO "documents" VALUES (199,100,1,'АП-100','2021-09-20');
INSERT INTO "documents" VALUES (200,100,2,'ГТ-100','2021-09-20');
INSERT INTO "employees" VALUES (1,'Иванов Иван Иванович','Администратор');
INSERT INTO "employees" VALUES (2,'Петров Петр Петрович','Менеджер');
INSERT INTO "employees" VALUES (3,'Сидоров Сидор Сидорович','Пользователь');
INSERT INTO "employees" VALUES (4,'Кузнецова Анна Сергеевна','Пользователь');
INSERT INTO "employees" VALUES (5,'Смирнов Алексей Викторович','Менеджер');
INSERT INTO "employees" VALUES (6,'Попова Ольга Сергеевна','Пользователь');
INSERT INTO "employees" VALUES (7,'Козлов Дмитрий Николаевич','Пользователь');
INSERT INTO "employees" VALUES (8,'Васильева Елена Андреевна','Пользователь');
INSERT INTO "employees" VALUES (9,'Морозов Сергей Павлович','Менеджер');
INSERT INTO "employees" VALUES (10,'Новикова Татьяна Игоревна','Пользователь');
INSERT INTO "employees" VALUES (11,'Фролов Николай Евгеньевич','Пользователь');
INSERT INTO "employees" VALUES (12,'Воробьева Мария Дмитриевна','Пользователь');
INSERT INTO "employees" VALUES (13,'Тихонов Игорь Анатольевич','Менеджер');
INSERT INTO "employees" VALUES (14,'Громова Анастасия Сергеевна','Пользователь');
INSERT INTO "employees" VALUES (15,'Орлов Виктор Константинович','Пользователь');
INSERT INTO "employees" VALUES (16,'Соколова Дарья Алексеевна','Пользователь');
INSERT INTO "employees" VALUES (17,'Крылов Евгений Сергеевич','Менеджер');
INSERT INTO "employees" VALUES (18,'Беляева Светлана Викторовна','Пользователь');
INSERT INTO "employees" VALUES (19,'Зайцев Андрей Валерьевич','Пользователь');
INSERT INTO "employees" VALUES (20,'Михайлова Наталья Юрьевна','Пользователь');
INSERT INTO "locations" VALUES (1,'Офис Главный','ул. Ленина, д.1');
INSERT INTO "locations" VALUES (2,'Склад №1','ул. Промышленная, д.5');
INSERT INTO "locations" VALUES (3,'Цех А','ул. Заводская, д.12');
INSERT INTO "locations" VALUES (4,'Офис Региональный','ул. Пушкина, д.10');
INSERT INTO "locations" VALUES (5,'Склад №2','ул. Технопарк, д.3');
INSERT INTO "locations" VALUES (6,'Цех Б','ул. Заводская, д.15');
INSERT INTO "locations" VALUES (7,'Офис Маркетинг','ул. Лермонтова, д.7');
INSERT INTO "locations" VALUES (8,'Офис Финансы','ул. Чехова, д.4');
INSERT INTO "locations" VALUES (9,'Склад №3','ул. Индустриальная, д.8');
INSERT INTO "locations" VALUES (10,'Цех В','ул. Промышленная, д.20');
INSERT INTO "locations" VALUES (11,'Офис IT','ул. Горького, д.12');
INSERT INTO "locations" VALUES (12,'Цех С','ул. Заводская, д.25');
INSERT INTO "locations" VALUES (13,'Офис HR','ул. Пушкина, д.12');
INSERT INTO "locations" VALUES (14,'Склад №4','ул. Лесная, д.6');
INSERT INTO "locations" VALUES (15,'Офис Логистика','ул. Мира, д.14');
INSERT INTO "locations" VALUES (16,'Офис Руководство','ул. Советская, д.1');
INSERT INTO "locations" VALUES (17,'Цех D','ул. Заводская, д.30');
INSERT INTO "locations" VALUES (18,'Офис Продажи','ул. Ленина, д.15');
INSERT INTO "locations" VALUES (19,'Склад №5','ул. Индустриальная, д.22');
INSERT INTO "locations" VALUES (20,'Офис Техподдержка','ул. К.Маркса, д.8');
COMMIT;
